{
    "$schema": "https://schema.management.azure.com/schemas/2015-01-01/deploymentParameters.json#",
    "contentVersion": "1.0.0.0",
    "parameters": {
        "location": {
            "value": "westeurope"
        },
        "virtualMachineName": {
            "value": "az-sql-vm-dmiad"
        },
        "connectivityType": {
            "value": "Public"
        },
        "port": {
            "value": "1433"
        },
        "networkSecurityGroupName": {
            "value": "az-sql-vm-dmiad-nsg"
        }
    }
}