{
    "$schema": "http://schema.management.azure.com/schemas/2015-01-01/deploymentTemplate.json#",
    "contentVersion": "1.0.0.0",
    "parameters": {
        "location": {
            "type": "String"
        },
        "virtualMachineName": {
            "type": "String"
        },
        "connectivityType": {
            "type": "String"
        },
        "port": {
            "type": "String"
        },
        "networkSecurityGroupName": {
            "type": "String"
        }
    },
    "resources": [
        {
            "type": "Microsoft.Network/networkSecurityGroups",
            "apiVersion": "2018-08-01",
            "name": "[parameters('networkSecurityGroupName')]",
            "location": "[parameters('location')]",
            "properties": {
                "securityRules": [
                    {
                        "name": "RDP",
                        "properties": {
                            "direction": "Inbound",
                            "access": "Allow",
                            "protocol": "TCP",
                            "priority": 300,
                            "sourceAddressPrefix": "*",
                            "sourcePortRange": "*",
                            "destinationAddressPrefix": "*",
                            "destinationPortRange": "3389"
                        }
                    },
                    {
                        "name": "default-allow-sql",
                        "properties": {
                            "protocol": "TCP",
                            "access": "Allow",
                            "priority": 1500,
                            "direction": "Inbound",
                            "sourcePortRange": "*",
                            "destinationPortRange": "1433",
                            "sourceAddressPrefix": "*",
                            "destinationAddressPrefix": "*"
                        }
                    }
                ]
            }
        },
        {
            "type": "Microsoft.SqlVirtualMachine/SqlVirtualMachines",
            "apiVersion": "2017-03-01-preview",
            "name": "[parameters('virtualMachineName')]",
            "location": "[parameters('location')]",
            "dependsOn": [],
            "properties": {
                "ServerConfigurationsManagementSettings": {
                    "SQLConnectivityUpdateSettings": {
                        "ConnectivityType": "[parameters('connectivityType')]",
                        "Port": "[parameters('port')]"
                    }
                },
                "SqlServerLicenseType": "PAYG",
                "virtualMachineResourceId": "[resourceId('Microsoft.Compute/virtualMachines', parameters('virtualMachineName'))]",
                "SqlManagement": "Full"
            }
        }
    ]
}