{
    "$schema": "https://schema.management.azure.com/schemas/2015-01-01/deploymentParameters.json#",
    "contentVersion": "1.0.0.0",
    "parameters": {
        "location": {
            "value": "westeurope"
        },
        "networkInterfaceName": {
            "value": "az-sql-vm-dmiad959"
        },
        "enableAcceleratedNetworking": {
            "value": true
        },
        "networkSecurityGroupName": {
            "value": "az-sql-vm-dmiad-nsg"
        },
        "networkSecurityGroupRules": {
            "value": [
                {
                    "name": "RDP",
                    "properties": {
                        "priority": 300,
                        "protocol": "TCP",
                        "access": "Allow",
                        "direction": "Inbound",
                        "sourceAddressPrefix": "*",
                        "sourcePortRange": "*",
                        "destinationAddressPrefix": "*",
                        "destinationPortRange": "3389"
                    }
                }
            ]
        },
        "subnetName": {
            "value": "default"
        },
        "virtualNetworkName": {
            "value": "DMIADWorkshop-vnet"
        },
        "addressPrefixes": {
            "value": [
                "10.1.6.0/24"
            ]
        },
        "subnets": {
            "value": [
                {
                    "name": "default",
                    "properties": {
                        "addressPrefix": "10.1.6.0/24"
                    }
                }
            ]
        },
        "publicIpAddressName": {
            "value": "az-sql-vm-dmiad-ip"
        },
        "publicIpAddressType": {
            "value": "Dynamic"
        },
        "publicIpAddressSku": {
            "value": "Basic"
        },
        "virtualMachineName": {
            "value": "az-sql-vm-dmiad"
        },
        "virtualMachineRG": {
            "value": "DMIADWorkshop"
        },
        "osDiskType": {
            "value": "Premium_LRS"
        },
        "dataDisks": {
            "value": [
                {
                    "lun": 0,
                    "createOption": "attach",
                    "caching": "ReadOnly",
                    "writeAcceleratorEnabled": false,
                    "id": null,
                    "name": "az-sql-vm-dmiad_DataDisk_0",
                    "storageAccountType": null,
                    "diskSizeGB": null,
                    "diskEncryptionSet": {
                        "id": null
                    }
                },
                {
                    "lun": 1,
                    "createOption": "attach",
                    "caching": "None",
                    "writeAcceleratorEnabled": false,
                    "id": null,
                    "name": "az-sql-vm-dmiad_DataDisk_1",
                    "storageAccountType": null,
                    "diskSizeGB": null,
                    "diskEncryptionSet": {
                        "id": null
                    }
                }
            ]
        },
        "dataDiskResources": {
            "value": [
                {
                    "name": "az-sql-vm-dmiad_DataDisk_0",
                    "sku": "Premium_LRS",
                    "properties": {
                        "diskSizeGB": 1024,
                        "creationData": {
                            "createOption": "empty"
                        }
                    }
                },
                {
                    "name": "az-sql-vm-dmiad_DataDisk_1",
                    "sku": "Premium_LRS",
                    "properties": {
                        "diskSizeGB": 1024,
                        "creationData": {
                            "createOption": "empty"
                        }
                    }
                }
            ]
        },
        "virtualMachineSize": {
            "value": "Standard_DS14_v2"
        },
        "adminUsername": {
            "value": "dmiaduser"
        },
        "adminPassword": {
            "value": null
        },
        "diagnosticsStorageAccountName": {
            "value": "dmiadworkshopdiag"
        },
        "diagnosticsStorageAccountId": {
            "value": "Microsoft.Storage/storageAccounts/dmiadworkshopdiag"
        },
        "diagnosticsStorageAccountType": {
            "value": "Standard_LRS"
        },
        "diagnosticsStorageAccountKind": {
            "value": "Storage"
        },
        "sqlVirtualMachineLocation": {
            "value": "westeurope"
        },
        "sqlVirtualMachineName": {
            "value": "az-sql-vm-dmiad"
        },
        "sqlConnectivityType": {
            "value": "Private"
        },
        "sqlPortNumber": {
            "value": 1433
        },
        "sqlStorageDisksCount": {
            "value": 1
        },
        "sqlStorageWorkloadType": {
            "value": "OLTP"
        },
        "sqlStorageDisksConfigurationType": {
            "value": "NEW"
        },
        "sqlStorageStartingDeviceId": {
            "value": 2
        },
        "sqlStorageDeploymentToken": {
            "value": 28121
        },
        "sqlAuthenticationLogin": {
            "value": "dmiaduser"
        },
        "sqlAuthenticationPassword": {
            "value": null
        },
        "dataPath": {
            "value": "F:\\data"
        },
        "dataDisksLUNs": {
            "value": [
                0
            ]
        },
        "logPath": {
            "value": "G:\\log"
        },
        "logDisksLUNs": {
            "value": [
                1
            ]
        },
        "tempDbPath": {
            "value": "D:\\tempDb"
        },
        "rServicesEnabled": {
            "value": "false"
        }
    }
}