{
    "$schema": "http://schema.management.azure.com/schemas/2015-01-01/deploymentTemplate.json#",
    "contentVersion": "1.0.0.0",
    "parameters": {
        "location": {
            "type": "String"
        },
        "networkInterfaceName": {
            "type": "String"
        },
        "enableAcceleratedNetworking": {
            "type": "Bool"
        },
        "networkSecurityGroupName": {
            "type": "String"
        },
        "networkSecurityGroupRules": {
            "type": "Array"
        },
        "subnetName": {
            "type": "String"
        },
        "virtualNetworkName": {
            "type": "String"
        },
        "addressPrefixes": {
            "type": "Array"
        },
        "subnets": {
            "type": "Array"
        },
        "publicIpAddressName": {
            "type": "String"
        },
        "publicIpAddressType": {
            "type": "String"
        },
        "publicIpAddressSku": {
            "type": "String"
        },
        "virtualMachineName": {
            "type": "String"
        },
        "virtualMachineRG": {
            "type": "String"
        },
        "osDiskType": {
            "type": "String"
        },
        "dataDisks": {
            "type": "Array"
        },
        "dataDiskResources": {
            "type": "Array"
        },
        "virtualMachineSize": {
            "type": "String"
        },
        "adminUsername": {
            "type": "String"
        },
        "adminPassword": {
            "type": "SecureString"
        },
        "diagnosticsStorageAccountName": {
            "type": "String"
        },
        "diagnosticsStorageAccountId": {
            "type": "String"
        },
        "diagnosticsStorageAccountType": {
            "type": "String"
        },
        "diagnosticsStorageAccountKind": {
            "type": "String"
        },
        "sqlVirtualMachineLocation": {
            "type": "String"
        },
        "sqlVirtualMachineName": {
            "type": "String"
        },
        "sqlConnectivityType": {
            "type": "String"
        },
        "sqlPortNumber": {
            "type": "Int"
        },
        "sqlStorageDisksCount": {
            "type": "Int"
        },
        "sqlStorageWorkloadType": {
            "type": "String"
        },
        "sqlStorageDisksConfigurationType": {
            "type": "String"
        },
        "sqlStorageStartingDeviceId": {
            "type": "Int"
        },
        "sqlStorageDeploymentToken": {
            "type": "Int"
        },
        "sqlAuthenticationLogin": {
            "type": "String"
        },
        "sqlAuthenticationPassword": {
            "type": "SecureString"
        },
        "dataPath": {
            "type": "String"
        },
        "dataDisksLUNs": {
            "type": "Array"
        },
        "logPath": {
            "type": "String"
        },
        "logDisksLUNs": {
            "type": "Array"
        },
        "tempDbPath": {
            "type": "String"
        },
        "rServicesEnabled": {
            "type": "String"
        }
    },
    "variables": {
        "nsgId": "[resourceId(resourceGroup().name, 'Microsoft.Network/networkSecurityGroups', parameters('networkSecurityGroupName'))]",
        "vnetId": "[resourceId(resourceGroup().name,'Microsoft.Network/virtualNetworks', parameters('virtualNetworkName'))]",
        "subnetRef": "[concat(variables('vnetId'), '/subnets/', parameters('subnetName'))]"
    },
    "resources": [
        {
            "type": "Microsoft.Network/networkInterfaces",
            "apiVersion": "2019-07-01",
            "name": "[parameters('networkInterfaceName')]",
            "location": "[parameters('location')]",
            "dependsOn": [
                "[concat('Microsoft.Network/networkSecurityGroups/', parameters('networkSecurityGroupName'))]",
                "[concat('Microsoft.Network/virtualNetworks/', parameters('virtualNetworkName'))]",
                "[concat('Microsoft.Network/publicIpAddresses/', parameters('publicIpAddressName'))]"
            ],
            "tags": {
                "displayName": "az-sql-vm-dmiad"
            },
            "properties": {
                "ipConfigurations": [
                    {
                        "name": "ipconfig1",
                        "properties": {
                            "subnet": {
                                "id": "[variables('subnetRef')]"
                            },
                            "privateIPAllocationMethod": "Dynamic",
                            "publicIpAddress": {
                                "id": "[resourceId(resourceGroup().name, 'Microsoft.Network/publicIpAddresses', parameters('publicIpAddressName'))]"
                            }
                        }
                    }
                ],
                "enableAcceleratedNetworking": "[parameters('enableAcceleratedNetworking')]",
                "networkSecurityGroup": {
                    "id": "[variables('nsgId')]"
                }
            }
        },
        {
            "type": "Microsoft.Network/networkSecurityGroups",
            "apiVersion": "2019-02-01",
            "name": "[parameters('networkSecurityGroupName')]",
            "location": "[parameters('location')]",
            "tags": {
                "displayName": "az-sql-vm-dmiad"
            },
            "properties": {
                "securityRules": "[parameters('networkSecurityGroupRules')]"
            }
        },
        {
            "type": "Microsoft.Network/virtualNetworks",
            "apiVersion": "2019-09-01",
            "name": "[parameters('virtualNetworkName')]",
            "location": "[parameters('location')]",
            "tags": {
                "displayName": "az-sql-vm-dmiad"
            },
            "properties": {
                "addressSpace": {
                    "addressPrefixes": "[parameters('addressPrefixes')]"
                },
                "subnets": "[parameters('subnets')]"
            }
        },
        {
            "type": "Microsoft.Network/publicIpAddresses",
            "apiVersion": "2019-02-01",
            "name": "[parameters('publicIpAddressName')]",
            "location": "[parameters('location')]",
            "tags": {
                "displayName": "az-sql-vm-dmiad"
            },
            "sku": {
                "name": "[parameters('publicIpAddressSku')]"
            },
            "properties": {
                "publicIpAllocationMethod": "[parameters('publicIpAddressType')]"
            }
        },
        {
            "type": "Microsoft.Compute/disks",
            "apiVersion": "2019-07-01",
            "name": "[parameters('dataDiskResources')[copyIndex()].name]",
            "location": "[parameters('location')]",
            "tags": {
                "displayName": "az-sql-vm-dmiad"
            },
            "sku": {
                "name": "[parameters('dataDiskResources')[copyIndex()].sku]"
            },
            "properties": "[parameters('dataDiskResources')[copyIndex()].properties]",
            "copy": {
                "name": "managedDiskResources",
                "count": "[length(parameters('dataDiskResources'))]"
            }
        },
        {
            "type": "Microsoft.Compute/virtualMachines",
            "apiVersion": "2019-07-01",
            "name": "[parameters('virtualMachineName')]",
            "location": "[parameters('location')]",
            "dependsOn": [
                "managedDiskResources",
                "[concat('Microsoft.Network/networkInterfaces/', parameters('networkInterfaceName'))]",
                "[concat('Microsoft.Storage/storageAccounts/', parameters('diagnosticsStorageAccountName'))]"
            ],
            "tags": {
                "displayName": "az-sql-vm-dmiad"
            },
            "properties": {
                "hardwareProfile": {
                    "vmSize": "[parameters('virtualMachineSize')]"
                },
                "storageProfile": {
                    "osDisk": {
                        "createOption": "fromImage",
                        "managedDisk": {
                            "storageAccountType": "[parameters('osDiskType')]"
                        }
                    },
                    "imageReference": {
                        "publisher": "microsoftsqlserver",
                        "offer": "sql2019-ws2019",
                        "sku": "sqldev",
                        "version": "latest"
                    },
                    "copy": [
                        {
                            "name": "dataDisks",
                            "count": "[length(parameters('dataDisks'))]",
                            "input": {
                                "lun": "[parameters('dataDisks')[copyIndex('dataDisks')].lun]",
                                "createOption": "[parameters('dataDisks')[copyIndex('dataDisks')].createOption]",
                                "caching": "[parameters('dataDisks')[copyIndex('dataDisks')].caching]",
                                "writeAcceleratorEnabled": "[parameters('dataDisks')[copyIndex('dataDisks')].writeAcceleratorEnabled]",
                                "diskSizeGB": "[parameters('dataDisks')[copyIndex('dataDisks')].diskSizeGB]",
                                "managedDisk": {
                                    "id": "[coalesce(parameters('dataDisks')[copyIndex('dataDisks')].id, if(equals(parameters('dataDisks')[copyIndex('dataDisks')].name, json('null')), json('null'), resourceId('Microsoft.Compute/disks', parameters('dataDisks')[copyIndex('dataDisks')].name)))]",
                                    "storageAccountType": "[parameters('dataDisks')[copyIndex('dataDisks')].storageAccountType]"
                                }
                            }
                        }
                    ]
                },
                "networkProfile": {
                    "networkInterfaces": [
                        {
                            "id": "[resourceId('Microsoft.Network/networkInterfaces', parameters('networkInterfaceName'))]"
                        }
                    ]
                },
                "osProfile": {
                    "computerName": "[parameters('virtualMachineName')]",
                    "adminUsername": "[parameters('adminUsername')]",
                    "adminPassword": "[parameters('adminPassword')]",
                    "windowsConfiguration": {
                        "enableAutomaticUpdates": true,
                        "provisionVmAgent": true
                    }
                },
                "diagnosticsProfile": {
                    "bootDiagnostics": {
                        "enabled": true,
                        "storageUri": "[concat('https://', parameters('diagnosticsStorageAccountName'), '.blob.core.windows.net/')]"
                    }
                }
            }
        },
        {
            "type": "Microsoft.Storage/storageAccounts",
            "apiVersion": "2019-06-01",
            "name": "[parameters('diagnosticsStorageAccountName')]",
            "location": "[parameters('location')]",
            "tags": {
                "displayName": "az-sql-vm-dmiad"
            },
            "sku": {
                "name": "[parameters('diagnosticsStorageAccountType')]"
            },
            "kind": "[parameters('diagnosticsStorageAccountKind')]",
            "properties": {}
        },
        {
            "type": "Microsoft.SqlVirtualMachine/SqlVirtualMachines",
            "apiVersion": "2017-03-01-preview",
            "name": "[parameters('sqlVirtualMachineName')]",
            "location": "[parameters('sqlVirtualMachineLocation')]",
            "dependsOn": [
                "[resourceId('Microsoft.Compute/virtualMachines', parameters('sqlVirtualMachineName'))]"
            ],
            "properties": {
                "virtualMachineResourceId": "[resourceId('Microsoft.Compute/virtualMachines', parameters('sqlVirtualMachineName'))]",
                "sqlManagement": "Full",
                "SqlServerLicenseType": "PAYG",
                "AutoPatchingSettings": {
                    "Enable": false
                },
                "KeyVaultCredentialSettings": {
                    "Enable": false,
                    "CredentialName": ""
                },
                "StorageConfigurationSettings": {
                    "DiskConfigurationType": "[parameters('sqlStorageDisksConfigurationType')]",
                    "StorageWorkloadType": "[parameters('sqlStorageWorkloadType')]",
                    "SQLDataSettings": {
                        "LUNs": "[parameters('dataDisksLUNs')]",
                        "DefaultFilePath": "[parameters('dataPath')]"
                    },
                    "SQLLogSettings": {
                        "LUNs": "[parameters('logDisksLUNs')]",
                        "DefaultFilePath": "[parameters('logPath')]"
                    },
                    "SQLTempDbSettings": {
                        "DefaultFilePath": "[parameters('tempDbPath')]"
                    }
                },
                "ServerConfigurationsManagementSettings": {
                    "SQLConnectivityUpdateSettings": {
                        "ConnectivityType": "[parameters('sqlConnectivityType')]",
                        "Port": "[parameters('sqlPortNumber')]",
                        "SQLAuthUpdateUserName": "[parameters('sqlAuthenticationLogin')]",
                        "SQLAuthUpdatePassword": "[parameters('sqlAuthenticationPassword')]"
                    },
                    "AdditionalFeaturesServerConfigurations": {
                        "IsRServicesEnabled": "[parameters('rServicesEnabled')]"
                    }
                }
            }
        }
    ],
    "outputs": {
        "adminUsername": {
            "type": "String",
            "value": "[parameters('adminUsername')]"
        }
    }
}