{
    "$schema": "https://schema.management.azure.com/schemas/2015-01-01/deploymentParameters.json#",
    "contentVersion": "1.0.0.0",
    "parameters": {
        "administratorLogin": {
            "value": "dmiaduser"
        },
        "administratorLoginPassword": {
            "value": null
        },
        "location": {
            "value": "westeurope"
        },
        "managedInstanceName": {
            "value": "az-azsqlmi-dmiad"
        },
        "skuName": {
            "value": "GP_Gen5"
        },
        "skuEdition": {
            "value": "GeneralPurpose"
        },
        "storageSizeInGB": {
            "value": 256
        },
        "vCores": {
            "value": 8
        },
        "licenseType": {
            "value": "LicenseIncluded"
        },
        "hardwareFamily": {
            "value": "Gen5"
        },
        "dnsZonePartner": {
            "value": ""
        },
        "collation": {
            "value": "SQL_Latin1_General_CP1_CI_AS"
        },
        "proxyOverride": {
            "value": "Proxy"
        },
        "publicDataEndpointEnabled": {
            "value": true
        },
        "timezoneId": {
            "value": "Central Europe Standard Time"
        },
        "nsgForPublicEndpoint": {
            "value": "allowFromAzureCloudTo3342NSG"
        }
    }
}