{
    "$schema": "https://schema.management.azure.com/schemas/2015-01-01/deploymentParameters.json#",
    "contentVersion": "1.0.0.0",
    "parameters": {
        "administratorLogin": {
            "value": "dmiaduser"
        },
        "administratorLoginPassword": {
            "value": null
        },
        "collation": {
            "value": "SQL_Latin1_General_CP1_CI_AS"
        },
        "databaseName": {
            "value": "dmiad-empty-db"
        },
        "tier": {
            "value": "GeneralPurpose"
        },
        "skuName": {
            "value": "GP_Gen5_2"
        },
        "location": {
            "value": "westeurope"
        },
        "maxSizeBytes": {
            "value": 34359738368
        },
        "serverName": {
            "value": "az-azsqldb-dmiad"
        },
        "sampleName": {
            "value": ""
        },
        "zoneRedundant": {
            "value": false
        },
        "licenseType": {
            "value": "LicenseIncluded"
        },
        "readScaleOut": {
            "value": "Disabled"
        },
        "numberOfReplicas": {
            "value": 0
        },
        "minCapacity": {
            "value": ""
        },
        "autoPauseDelay": {
            "value": ""
        },
        "enableADS": {
            "value": false
        },
        "allowAzureIps": {
            "value": true
        },
        "databaseTags": {
            "value": {
                "displayName": "az-azsqldb-dmiad"
            }
        },
        "serverTags": {
            "value": {
                "displayName": "az-azsqldb-dmiad"
            }
        },
        "enableVA": {
            "value": false
        },
        "enablePrivateEndpoint": {
            "value": false
        },
        "privateEndpointNestedTemplateId": {
            "value": "pe-b5bb5231-06f2-4f08-936c-aecd0eff700c"
        },
        "privateEndpointSubscriptionId": {
            "value": ""
        },
        "privateEndpointResourceGroup": {
            "value": ""
        },
        "privateEndpointName": {
            "value": ""
        },
        "privateEndpointLocation": {
            "value": ""
        },
        "privateEndpointSubnetId": {
            "value": ""
        },
        "privateLinkServiceName": {
            "value": ""
        },
        "privateLinkServiceServiceId": {
            "value": ""
        },
        "privateEndpointVnetSubscriptionId": {
            "value": ""
        },
        "privateEndpointVnetResourceGroup": {
            "value": ""
        },
        "privateEndpointVnetName": {
            "value": ""
        },
        "privateEndpointSubnetName": {
            "value": ""
        },
        "enablePrivateDnsZone": {
            "value": true
        },
        "privateEndpointDnsRecordUniqueId": {
            "value": "b5bb5231-06f2-4f08-936c-aecd0eff700f"
        },
        "privateEndpointTemplateLink": {
            "value": "https://sqlazureextension.hosting.portal.azure.net/sqlazureextension/Content/2.0.20200226.70-/DeploymentTemplates/PrivateEndpoint.json"
        },
        "privateDnsForPrivateEndpointTemplateLink": {
            "value": "https://sqlazureextension.hosting.portal.azure.net/sqlazureextension/Content/2.0.20200226.70-/DeploymentTemplates/PrivateDnsForPrivateEndpoint.json"
        },
        "privateDnsForPrivateEndpointNicTemplateLink": {
            "value": "https://sqlazureextension.hosting.portal.azure.net/sqlazureextension/Content/2.0.20200226.70-/DeploymentTemplates/PrivateDnsForPrivateEndpointNic.json"
        },
        "privateDnsForPrivateEndpointIpConfigTemplateLink": {
            "value": "https://sqlazureextension.hosting.portal.azure.net/sqlazureextension/Content/2.0.20200226.70-/DeploymentTemplates/PrivateDnsForPrivateEndpointIpConfig.json"
        },
        "allowClientIp": {
            "value": true
        },
        "clientIpRuleName": {
            "value": "ClientIp-2020-3-2_10-58-15"
        },
        "clientIpValue": {
            "value": ""
        }
    }
}